{
  "theme": "tangerine",
  "colors": {
    "background": "var(--background)",
    "foreground": "var(--foreground)",
    "primary": "var(--primary)",
    "secondary": "var(--secondary)",
    "accent": "var(--accent)",
    "muted": "var(--muted)",
    "border": "var(--border)",
    "sidebar": "var(--sidebar)"
  },
  "radius": {
    "sm": "var(--radius-sm)",
    "md": "var(--radius)",
    "lg": "var(--radius-lg)",
    "xl": "var(--radius-xl)"
  },
  "shadows": {
    "xs": "var(--shadow-xs)",
    "sm": "var(--shadow-sm)",
    "md": "var(--shadow-md)",
    "lg": "var(--shadow-lg)"
  },
  "fonts": {
    "sans": "var(--font-sans)",
    "serif": "var(--font-serif)",
    "mono": "var(--font-mono)"
  }
}