{
  "meta": {
    "kitName": "ABDULLAH DENTAL CARE \u2013 Tangerine UI Kit",
    "theme": "tangerine",
    "platforms": [
      "MOBILE",
      "DESKTOP"
    ],
    "framesCount": 80,
    "notes": "Import this JSON via your Figma JSON importer plugin. Each node is a FRAME annotated with Tangerine theme usage."
  },
  "tokens": {
    "css": "\n/* TANGERINE THEME \u2013 Light & Dark + Tailwind @theme inline */\n/* User-provided design tokens */\n\n:root {\n  --background: oklch(0.9383 0.0042 236.4993);\n  --foreground: oklch(0.3211 0 0);\n  --card: oklch(1.0000 0 0);\n  --card-foreground: oklch(0.3211 0 0);\n  --popover: oklch(1.0000 0 0);\n  --popover-foreground: oklch(0.3211 0 0);\n  --primary: oklch(0.6397 0.1720 36.4421);\n  --primary-foreground: oklch(1.0000 0 0);\n  --secondary: oklch(0.9670 0.0029 264.5419);\n  --secondary-foreground: oklch(0.4461 0.0263 256.8018);\n  --muted: oklch(0.9846 0.0017 247.8389);\n  --muted-foreground: oklch(0.5510 0.0234 264.3637);\n  --accent: oklch(0.9119 0.0222 243.8174);\n  --accent-foreground: oklch(0.3791 0.1378 265.5222);\n  --destructive: oklch(0.6368 0.2078 25.3313);\n  --destructive-foreground: oklch(1.0000 0 0);\n  --border: oklch(0.9022 0.0052 247.8822);\n  --input: oklch(0.9700 0.0029 264.5420);\n  --ring: oklch(0.6397 0.1720 36.4421);\n  --chart-1: oklch(0.7156 0.0605 248.6845);\n  --chart-2: oklch(0.7875 0.0917 35.9616);\n  --chart-3: oklch(0.5778 0.0759 254.1573);\n  --chart-4: oklch(0.5016 0.0849 259.4902);\n  --chart-5: oklch(0.4241 0.0952 264.0306);\n  --sidebar: oklch(0.9030 0.0046 258.3257);\n  --sidebar-foreground: oklch(0.3211 0 0);\n  --sidebar-primary: oklch(0.6397 0.1720 36.4421);\n  --sidebar-primary-foreground: oklch(1.0000 0 0);\n  --sidebar-accent: oklch(0.9119 0.0222 243.8174);\n  --sidebar-accent-foreground: oklch(0.3791 0.1378 265.5222);\n  --sidebar-border: oklch(0.9276 0.0058 264.5313);\n  --sidebar-ring: oklch(0.6397 0.1720 36.4421);\n  --radius: 0.75rem;\n  --spacing: 0.25rem;\n  --tracking-normal: 0em;\n  --font-sans: Inter, sans-serif;\n  --font-serif: Source Serif 4, serif;\n  --font-mono: JetBrains Mono, monospace;\n  --shadow-2xs: 0px 4px 8px -1px hsl(0 0% 0% / 0.05);\n  --shadow-xs: 0px 4px 8px -1px hsl(0 0% 0% / 0.05);\n  --shadow-sm: 0px 4px 8px -1px hsl(0 0% 0% / 0.10), 0px 1px 2px -2px hsl(0 0% 0% / 0.10);\n  --shadow: 0px 4px 8px -1px hsl(0 0% 0% / 0.10), 0px 1px 2px -2px hsl(0 0% 0% / 0.10);\n  --shadow-md: 0px 4px 8px -1px hsl(0 0% 0% / 0.10), 0px 2px 4px -2px hsl(0 0% 0% / 0.10);\n  --shadow-lg: 0px 4px 8px -1px hsl(0 0% 0% / 0.10), 0px 4px 6px -2px hsl(0 0% 0% / 0.10);\n  --shadow-xl: 0px 4px 8px -1px hsl(0 0% 0% / 0.10), 0px 8px 10px -2px hsl(0 0% 0% / 0.10);\n  --shadow-2xl: 0px 4px 8px -1px hsl(0 0% 0% / 0.25);\n}\n\n.dark {\n  --background: oklch(0.2598 0.0306 262.6666);\n  --foreground: oklch(0.9219 0 0);\n  --card: oklch(0.3106 0.0301 268.6365);\n  --card-foreground: oklch(0.9219 0 0);\n  --popover: oklch(0.2900 0.0249 268.3986);\n  --popover-foreground: oklch(0.9219 0 0);\n  --primary: oklch(0.6397 0.1720 36.4421);\n  --primary-foreground: oklch(1.0000 0 0);\n  --secondary: oklch(0.3095 0.0266 266.7132);\n  --secondary-foreground: oklch(0.9219 0 0);\n  --muted: oklch(0.3095 0.0266 266.7132);\n  --muted-foreground: oklch(0.7155 0 0);\n  --accent: oklch(0.3380 0.0589 267.5867);\n  --accent-foreground: oklch(0.8823 0.0571 254.1284);\n  --destructive: oklch(0.6368 0.2078 25.3313);\n  --destructive-foreground: oklch(1.0000 0 0);\n  --border: oklch(0.3843 0.0301 269.7337);\n  --input: oklch(0.3843 0.0301 269.7337);\n  --ring: oklch(0.6397 0.1720 36.4421);\n}\n"
  },
  "document": {
    "id": "ABDULLAH_DENTAL_CARE_TANGERINE_UI",
    "name": "Abdullah Dental Care \u2013 Tangerine UI Kit",
    "children": [
      {
        "id": "MOBILE_LOGIN",
        "name": "Login (mobile)",
        "type": "FRAME",
        "platform": "MOBILE",
        "order": 1,
        "size": {
          "width": 390,
          "height": 844
        },
        "layout": {
          "grid": 4,
          "gutter": 24,
          "margin": 24,
          "padding": 24
        },
        "theme": "tangerine",
        "notes": "Screen: Login on mobile using Tangerine theme tokens."
      },
      {
        "id": "MOBILE_PIN_ENTRY",
        "name": "PIN Entry (mobile)",
        "type": "FRAME",
        "platform": "MOBILE",
        "order": 2,
        "size": {
          "width": 390,
          "height": 844
        },
        "layout": {
          "grid": 4,
          "gutter": 24,
          "margin": 24,
          "padding": 24
        },
        "theme": "tangerine",
        "notes": "Screen: PIN Entry on mobile using Tangerine theme tokens."
      },
      {
        "id": "MOBILE_FORGOT_PIN",
        "name": "Forgot PIN (mobile)",
        "type": "FRAME",
        "platform": "MOBILE",
        "order": 3,
        "size": {
          "width": 390,
          "height": 844
        },
        "layout": {
          "grid": 4,
          "gutter": 24,
          "margin": 24,
          "padding": 24
        },
        "theme": "tangerine",
        "notes": "Screen: Forgot PIN on mobile using Tangerine theme tokens."
      },
      {
        "id": "MOBILE_DASHBOARD",
        "name": "Dashboard (mobile)",
        "type": "FRAME",
        "platform": "MOBILE",
        "order": 4,
        "size": {
          "width": 390,
          "height": 844
        },
        "layout": {
          "grid": 4,
          "gutter": 24,
          "margin": 24,
          "padding": 24
        },
        "theme": "tangerine",
        "notes": "Screen: Dashboard on mobile using Tangerine theme tokens."
      },
      {
        "id": "MOBILE_GLOBAL_NAVIGATION",
        "name": "Global Navigation (mobile)",
        "type": "FRAME",
        "platform": "MOBILE",
        "order": 5,
        "size": {
          "width": 390,
          "height": 844
        },
        "layout": {
          "grid": 4,
          "gutter": 24,
          "margin": 24,
          "padding": 24
        },
        "theme": "tangerine",
        "notes": "Screen: Global Navigation on mobile using Tangerine theme tokens."
      },
      {
        "id": "MOBILE_PATIENTS_LIST",
        "name": "Patients List (mobile)",
        "type": "FRAME",
        "platform": "MOBILE",
        "order": 6,
        "size": {
          "width": 390,
          "height": 844
        },
        "layout": {
          "grid": 4,
          "gutter": 24,
          "margin": 24,
          "padding": 24
        },
        "theme": "tangerine",
        "notes": "Screen: Patients List on mobile using Tangerine theme tokens."
      },
      {
        "id": "MOBILE_PATIENT_SEARCH",
        "name": "Patient Search (mobile)",
        "type": "FRAME",
        "platform": "MOBILE",
        "order": 7,
        "size": {
          "width": 390,
          "height": 844
        },
        "layout": {
          "grid": 4,
          "gutter": 24,
          "margin": 24,
          "padding": 24
        },
        "theme": "tangerine",
        "notes": "Screen: Patient Search on mobile using Tangerine theme tokens."
      },
      {
        "id": "MOBILE_ADD_PATIENT",
        "name": "Add Patient (mobile)",
        "type": "FRAME",
        "platform": "MOBILE",
        "order": 8,
        "size": {
          "width": 390,
          "height": 844
        },
        "layout": {
          "grid": 4,
          "gutter": 24,
          "margin": 24,
          "padding": 24
        },
        "theme": "tangerine",
        "notes": "Screen: Add Patient on mobile using Tangerine theme tokens."
      },
      {
        "id": "MOBILE_PATIENT_PROFILE_\u2013_SUMMARY",
        "name": "Patient Profile \u2013 Summary (mobile)",
        "type": "FRAME",
        "platform": "MOBILE",
        "order": 9,
        "size": {
          "width": 390,
          "height": 844
        },
        "layout": {
          "grid": 4,
          "gutter": 24,
          "margin": 24,
          "padding": 24
        },
        "theme": "tangerine",
        "notes": "Screen: Patient Profile \u2013 Summary on mobile using Tangerine theme tokens."
      },
      {
        "id": "MOBILE_PATIENT_PROFILE_\u2013_TABS",
        "name": "Patient Profile \u2013 Tabs (mobile)",
        "type": "FRAME",
        "platform": "MOBILE",
        "order": 10,
        "size": {
          "width": 390,
          "height": 844
        },
        "layout": {
          "grid": 4,
          "gutter": 24,
          "margin": 24,
          "padding": 24
        },
        "theme": "tangerine",
        "notes": "Screen: Patient Profile \u2013 Tabs on mobile using Tangerine theme tokens."
      },
      {
        "id": "MOBILE_VISIT_HISTORY",
        "name": "Visit History (mobile)",
        "type": "FRAME",
        "platform": "MOBILE",
        "order": 11,
        "size": {
          "width": 390,
          "height": 844
        },
        "layout": {
          "grid": 4,
          "gutter": 24,
          "margin": 24,
          "padding": 24
        },
        "theme": "tangerine",
        "notes": "Screen: Visit History on mobile using Tangerine theme tokens."
      },
      {
        "id": "MOBILE_TREATMENT_PLAN",
        "name": "Treatment Plan (mobile)",
        "type": "FRAME",
        "platform": "MOBILE",
        "order": 12,
        "size": {
          "width": 390,
          "height": 844
        },
        "layout": {
          "grid": 4,
          "gutter": 24,
          "margin": 24,
          "padding": 24
        },
        "theme": "tangerine",
        "notes": "Screen: Treatment Plan on mobile using Tangerine theme tokens."
      },
      {
        "id": "MOBILE_ADD_TREATMENT_TO_PLAN",
        "name": "Add Treatment to Plan (mobile)",
        "type": "FRAME",
        "platform": "MOBILE",
        "order": 13,
        "size": {
          "width": 390,
          "height": 844
        },
        "layout": {
          "grid": 4,
          "gutter": 24,
          "margin": 24,
          "padding": 24
        },
        "theme": "tangerine",
        "notes": "Screen: Add Treatment to Plan on mobile using Tangerine theme tokens."
      },
      {
        "id": "MOBILE_MULTI-VISIT_MANAGER",
        "name": "Multi-Visit Manager (mobile)",
        "type": "FRAME",
        "platform": "MOBILE",
        "order": 14,
        "size": {
          "width": 390,
          "height": 844
        },
        "layout": {
          "grid": 4,
          "gutter": 24,
          "margin": 24,
          "padding": 24
        },
        "theme": "tangerine",
        "notes": "Screen: Multi-Visit Manager on mobile using Tangerine theme tokens."
      },
      {
        "id": "MOBILE_PATIENT_NOTES",
        "name": "Patient Notes (mobile)",
        "type": "FRAME",
        "platform": "MOBILE",
        "order": 15,
        "size": {
          "width": 390,
          "height": 844
        },
        "layout": {
          "grid": 4,
          "gutter": 24,
          "margin": 24,
          "padding": 24
        },
        "theme": "tangerine",
        "notes": "Screen: Patient Notes on mobile using Tangerine theme tokens."
      },
      {
        "id": "MOBILE_APPOINTMENT_CALENDAR_\u2013_MONTH",
        "name": "Appointment Calendar \u2013 Month (mobile)",
        "type": "FRAME",
        "platform": "MOBILE",
        "order": 16,
        "size": {
          "width": 390,
          "height": 844
        },
        "layout": {
          "grid": 4,
          "gutter": 24,
          "margin": 24,
          "padding": 24
        },
        "theme": "tangerine",
        "notes": "Screen: Appointment Calendar \u2013 Month on mobile using Tangerine theme tokens."
      },
      {
        "id": "MOBILE_APPOINTMENT_CALENDAR_\u2013_DAY",
        "name": "Appointment Calendar \u2013 Day (mobile)",
        "type": "FRAME",
        "platform": "MOBILE",
        "order": 17,
        "size": {
          "width": 390,
          "height": 844
        },
        "layout": {
          "grid": 4,
          "gutter": 24,
          "margin": 24,
          "padding": 24
        },
        "theme": "tangerine",
        "notes": "Screen: Appointment Calendar \u2013 Day on mobile using Tangerine theme tokens."
      },
      {
        "id": "MOBILE_APPOINTMENT_BOOKING",
        "name": "Appointment Booking (mobile)",
        "type": "FRAME",
        "platform": "MOBILE",
        "order": 18,
        "size": {
          "width": 390,
          "height": 844
        },
        "layout": {
          "grid": 4,
          "gutter": 24,
          "margin": 24,
          "padding": 24
        },
        "theme": "tangerine",
        "notes": "Screen: Appointment Booking on mobile using Tangerine theme tokens."
      },
      {
        "id": "MOBILE_APPOINTMENT_DETAILS",
        "name": "Appointment Details (mobile)",
        "type": "FRAME",
        "platform": "MOBILE",
        "order": 19,
        "size": {
          "width": 390,
          "height": 844
        },
        "layout": {
          "grid": 4,
          "gutter": 24,
          "margin": 24,
          "padding": 24
        },
        "theme": "tangerine",
        "notes": "Screen: Appointment Details on mobile using Tangerine theme tokens."
      },
      {
        "id": "MOBILE_APPOINTMENT_RESCHEDULE",
        "name": "Appointment Reschedule (mobile)",
        "type": "FRAME",
        "platform": "MOBILE",
        "order": 20,
        "size": {
          "width": 390,
          "height": 844
        },
        "layout": {
          "grid": 4,
          "gutter": 24,
          "margin": 24,
          "padding": 24
        },
        "theme": "tangerine",
        "notes": "Screen: Appointment Reschedule on mobile using Tangerine theme tokens."
      },
      {
        "id": "MOBILE_INVOICE_LIST",
        "name": "Invoice List (mobile)",
        "type": "FRAME",
        "platform": "MOBILE",
        "order": 21,
        "size": {
          "width": 390,
          "height": 844
        },
        "layout": {
          "grid": 4,
          "gutter": 24,
          "margin": 24,
          "padding": 24
        },
        "theme": "tangerine",
        "notes": "Screen: Invoice List on mobile using Tangerine theme tokens."
      },
      {
        "id": "MOBILE_INVOICE_BUILDER",
        "name": "Invoice Builder (mobile)",
        "type": "FRAME",
        "platform": "MOBILE",
        "order": 22,
        "size": {
          "width": 390,
          "height": 844
        },
        "layout": {
          "grid": 4,
          "gutter": 24,
          "margin": 24,
          "padding": 24
        },
        "theme": "tangerine",
        "notes": "Screen: Invoice Builder on mobile using Tangerine theme tokens."
      },
      {
        "id": "MOBILE_PAYMENT_MODAL",
        "name": "Payment Modal (mobile)",
        "type": "FRAME",
        "platform": "MOBILE",
        "order": 23,
        "size": {
          "width": 390,
          "height": 844
        },
        "layout": {
          "grid": 4,
          "gutter": 24,
          "margin": 24,
          "padding": 24
        },
        "theme": "tangerine",
        "notes": "Screen: Payment Modal on mobile using Tangerine theme tokens."
      },
      {
        "id": "MOBILE_DISCOUNT_MODAL",
        "name": "Discount Modal (mobile)",
        "type": "FRAME",
        "platform": "MOBILE",
        "order": 24,
        "size": {
          "width": 390,
          "height": 844
        },
        "layout": {
          "grid": 4,
          "gutter": 24,
          "margin": 24,
          "padding": 24
        },
        "theme": "tangerine",
        "notes": "Screen: Discount Modal on mobile using Tangerine theme tokens."
      },
      {
        "id": "MOBILE_INVOICE_PDF_PREVIEW",
        "name": "Invoice PDF Preview (mobile)",
        "type": "FRAME",
        "platform": "MOBILE",
        "order": 25,
        "size": {
          "width": 390,
          "height": 844
        },
        "layout": {
          "grid": 4,
          "gutter": 24,
          "margin": 24,
          "padding": 24
        },
        "theme": "tangerine",
        "notes": "Screen: Invoice PDF Preview on mobile using Tangerine theme tokens."
      },
      {
        "id": "MOBILE_PRESCRIPTION_LIST",
        "name": "Prescription List (mobile)",
        "type": "FRAME",
        "platform": "MOBILE",
        "order": 26,
        "size": {
          "width": 390,
          "height": 844
        },
        "layout": {
          "grid": 4,
          "gutter": 24,
          "margin": 24,
          "padding": 24
        },
        "theme": "tangerine",
        "notes": "Screen: Prescription List on mobile using Tangerine theme tokens."
      },
      {
        "id": "MOBILE_CONDITION_SELECTION",
        "name": "Condition Selection (mobile)",
        "type": "FRAME",
        "platform": "MOBILE",
        "order": 27,
        "size": {
          "width": 390,
          "height": 844
        },
        "layout": {
          "grid": 4,
          "gutter": 24,
          "margin": 24,
          "padding": 24
        },
        "theme": "tangerine",
        "notes": "Screen: Condition Selection on mobile using Tangerine theme tokens."
      },
      {
        "id": "MOBILE_AUTO-PROTOCOL",
        "name": "Auto-Protocol (mobile)",
        "type": "FRAME",
        "platform": "MOBILE",
        "order": 28,
        "size": {
          "width": 390,
          "height": 844
        },
        "layout": {
          "grid": 4,
          "gutter": 24,
          "margin": 24,
          "padding": 24
        },
        "theme": "tangerine",
        "notes": "Screen: Auto-Protocol on mobile using Tangerine theme tokens."
      },
      {
        "id": "MOBILE_MANUAL_PRESCRIPTION_ENTRY",
        "name": "Manual Prescription Entry (mobile)",
        "type": "FRAME",
        "platform": "MOBILE",
        "order": 29,
        "size": {
          "width": 390,
          "height": 844
        },
        "layout": {
          "grid": 4,
          "gutter": 24,
          "margin": 24,
          "padding": 24
        },
        "theme": "tangerine",
        "notes": "Screen: Manual Prescription Entry on mobile using Tangerine theme tokens."
      },
      {
        "id": "MOBILE_PRESCRIPTION_PDF_PREVIEW",
        "name": "Prescription PDF Preview (mobile)",
        "type": "FRAME",
        "platform": "MOBILE",
        "order": 30,
        "size": {
          "width": 390,
          "height": 844
        },
        "layout": {
          "grid": 4,
          "gutter": 24,
          "margin": 24,
          "padding": 24
        },
        "theme": "tangerine",
        "notes": "Screen: Prescription PDF Preview on mobile using Tangerine theme tokens."
      },
      {
        "id": "MOBILE_REPORTS_\u2013_MONTHLY",
        "name": "Reports \u2013 Monthly (mobile)",
        "type": "FRAME",
        "platform": "MOBILE",
        "order": 31,
        "size": {
          "width": 390,
          "height": 844
        },
        "layout": {
          "grid": 4,
          "gutter": 24,
          "margin": 24,
          "padding": 24
        },
        "theme": "tangerine",
        "notes": "Screen: Reports \u2013 Monthly on mobile using Tangerine theme tokens."
      },
      {
        "id": "MOBILE_REPORTS_\u2013_YEARLY",
        "name": "Reports \u2013 Yearly (mobile)",
        "type": "FRAME",
        "platform": "MOBILE",
        "order": 32,
        "size": {
          "width": 390,
          "height": 844
        },
        "layout": {
          "grid": 4,
          "gutter": 24,
          "margin": 24,
          "padding": 24
        },
        "theme": "tangerine",
        "notes": "Screen: Reports \u2013 Yearly on mobile using Tangerine theme tokens."
      },
      {
        "id": "MOBILE_ANALYTICS_OVERVIEW",
        "name": "Analytics Overview (mobile)",
        "type": "FRAME",
        "platform": "MOBILE",
        "order": 33,
        "size": {
          "width": 390,
          "height": 844
        },
        "layout": {
          "grid": 4,
          "gutter": 24,
          "margin": 24,
          "padding": 24
        },
        "theme": "tangerine",
        "notes": "Screen: Analytics Overview on mobile using Tangerine theme tokens."
      },
      {
        "id": "MOBILE_FOLLOW-UP_QUEUE",
        "name": "Follow-up Queue (mobile)",
        "type": "FRAME",
        "platform": "MOBILE",
        "order": 34,
        "size": {
          "width": 390,
          "height": 844
        },
        "layout": {
          "grid": 4,
          "gutter": 24,
          "margin": 24,
          "padding": 24
        },
        "theme": "tangerine",
        "notes": "Screen: Follow-up Queue on mobile using Tangerine theme tokens."
      },
      {
        "id": "MOBILE_FOLLOW-UP_CREATION",
        "name": "Follow-up Creation (mobile)",
        "type": "FRAME",
        "platform": "MOBILE",
        "order": 35,
        "size": {
          "width": 390,
          "height": 844
        },
        "layout": {
          "grid": 4,
          "gutter": 24,
          "margin": 24,
          "padding": 24
        },
        "theme": "tangerine",
        "notes": "Screen: Follow-up Creation on mobile using Tangerine theme tokens."
      },
      {
        "id": "MOBILE_FOLLOW-UP_DETAILS",
        "name": "Follow-up Details (mobile)",
        "type": "FRAME",
        "platform": "MOBILE",
        "order": 36,
        "size": {
          "width": 390,
          "height": 844
        },
        "layout": {
          "grid": 4,
          "gutter": 24,
          "margin": 24,
          "padding": 24
        },
        "theme": "tangerine",
        "notes": "Screen: Follow-up Details on mobile using Tangerine theme tokens."
      },
      {
        "id": "MOBILE_SETTINGS_\u2013_TREATMENT_PRICES",
        "name": "Settings \u2013 Treatment Prices (mobile)",
        "type": "FRAME",
        "platform": "MOBILE",
        "order": 37,
        "size": {
          "width": 390,
          "height": 844
        },
        "layout": {
          "grid": 4,
          "gutter": 24,
          "margin": 24,
          "padding": 24
        },
        "theme": "tangerine",
        "notes": "Screen: Settings \u2013 Treatment Prices on mobile using Tangerine theme tokens."
      },
      {
        "id": "MOBILE_SETTINGS_\u2013_CLINIC_PROFILE",
        "name": "Settings \u2013 Clinic Profile (mobile)",
        "type": "FRAME",
        "platform": "MOBILE",
        "order": 38,
        "size": {
          "width": 390,
          "height": 844
        },
        "layout": {
          "grid": 4,
          "gutter": 24,
          "margin": 24,
          "padding": 24
        },
        "theme": "tangerine",
        "notes": "Screen: Settings \u2013 Clinic Profile on mobile using Tangerine theme tokens."
      },
      {
        "id": "MOBILE_SETTINGS_\u2013_CONSENTS_&_PROTOCOLS",
        "name": "Settings \u2013 Consents & Protocols (mobile)",
        "type": "FRAME",
        "platform": "MOBILE",
        "order": 39,
        "size": {
          "width": 390,
          "height": 844
        },
        "layout": {
          "grid": 4,
          "gutter": 24,
          "margin": 24,
          "padding": 24
        },
        "theme": "tangerine",
        "notes": "Screen: Settings \u2013 Consents & Protocols on mobile using Tangerine theme tokens."
      },
      {
        "id": "MOBILE_USER_PROFILE",
        "name": "User Profile (mobile)",
        "type": "FRAME",
        "platform": "MOBILE",
        "order": 40,
        "size": {
          "width": 390,
          "height": 844
        },
        "layout": {
          "grid": 4,
          "gutter": 24,
          "margin": 24,
          "padding": 24
        },
        "theme": "tangerine",
        "notes": "Screen: User Profile on mobile using Tangerine theme tokens."
      },
      {
        "id": "DESKTOP_LOGIN",
        "name": "Login (desktop)",
        "type": "FRAME",
        "platform": "DESKTOP",
        "order": 41,
        "size": {
          "width": 1440,
          "height": 1024
        },
        "layout": {
          "grid": 12,
          "gutter": 24,
          "margin": 24,
          "padding": 24
        },
        "theme": "tangerine",
        "notes": "Screen: Login on desktop using Tangerine theme tokens."
      },
      {
        "id": "DESKTOP_PIN_ENTRY",
        "name": "PIN Entry (desktop)",
        "type": "FRAME",
        "platform": "DESKTOP",
        "order": 42,
        "size": {
          "width": 1440,
          "height": 1024
        },
        "layout": {
          "grid": 12,
          "gutter": 24,
          "margin": 24,
          "padding": 24
        },
        "theme": "tangerine",
        "notes": "Screen: PIN Entry on desktop using Tangerine theme tokens."
      },
      {
        "id": "DESKTOP_FORGOT_PIN",
        "name": "Forgot PIN (desktop)",
        "type": "FRAME",
        "platform": "DESKTOP",
        "order": 43,
        "size": {
          "width": 1440,
          "height": 1024
        },
        "layout": {
          "grid": 12,
          "gutter": 24,
          "margin": 24,
          "padding": 24
        },
        "theme": "tangerine",
        "notes": "Screen: Forgot PIN on desktop using Tangerine theme tokens."
      },
      {
        "id": "DESKTOP_DASHBOARD",
        "name": "Dashboard (desktop)",
        "type": "FRAME",
        "platform": "DESKTOP",
        "order": 44,
        "size": {
          "width": 1440,
          "height": 1024
        },
        "layout": {
          "grid": 12,
          "gutter": 24,
          "margin": 24,
          "padding": 24
        },
        "theme": "tangerine",
        "notes": "Screen: Dashboard on desktop using Tangerine theme tokens."
      },
      {
        "id": "DESKTOP_GLOBAL_NAVIGATION",
        "name": "Global Navigation (desktop)",
        "type": "FRAME",
        "platform": "DESKTOP",
        "order": 45,
        "size": {
          "width": 1440,
          "height": 1024
        },
        "layout": {
          "grid": 12,
          "gutter": 24,
          "margin": 24,
          "padding": 24
        },
        "theme": "tangerine",
        "notes": "Screen: Global Navigation on desktop using Tangerine theme tokens."
      },
      {
        "id": "DESKTOP_PATIENTS_LIST",
        "name": "Patients List (desktop)",
        "type": "FRAME",
        "platform": "DESKTOP",
        "order": 46,
        "size": {
          "width": 1440,
          "height": 1024
        },
        "layout": {
          "grid": 12,
          "gutter": 24,
          "margin": 24,
          "padding": 24
        },
        "theme": "tangerine",
        "notes": "Screen: Patients List on desktop using Tangerine theme tokens."
      },
      {
        "id": "DESKTOP_PATIENT_SEARCH",
        "name": "Patient Search (desktop)",
        "type": "FRAME",
        "platform": "DESKTOP",
        "order": 47,
        "size": {
          "width": 1440,
          "height": 1024
        },
        "layout": {
          "grid": 12,
          "gutter": 24,
          "margin": 24,
          "padding": 24
        },
        "theme": "tangerine",
        "notes": "Screen: Patient Search on desktop using Tangerine theme tokens."
      },
      {
        "id": "DESKTOP_ADD_PATIENT",
        "name": "Add Patient (desktop)",
        "type": "FRAME",
        "platform": "DESKTOP",
        "order": 48,
        "size": {
          "width": 1440,
          "height": 1024
        },
        "layout": {
          "grid": 12,
          "gutter": 24,
          "margin": 24,
          "padding": 24
        },
        "theme": "tangerine",
        "notes": "Screen: Add Patient on desktop using Tangerine theme tokens."
      },
      {
        "id": "DESKTOP_PATIENT_PROFILE_\u2013_SUMMARY",
        "name": "Patient Profile \u2013 Summary (desktop)",
        "type": "FRAME",
        "platform": "DESKTOP",
        "order": 49,
        "size": {
          "width": 1440,
          "height": 1024
        },
        "layout": {
          "grid": 12,
          "gutter": 24,
          "margin": 24,
          "padding": 24
        },
        "theme": "tangerine",
        "notes": "Screen: Patient Profile \u2013 Summary on desktop using Tangerine theme tokens."
      },
      {
        "id": "DESKTOP_PATIENT_PROFILE_\u2013_TABS",
        "name": "Patient Profile \u2013 Tabs (desktop)",
        "type": "FRAME",
        "platform": "DESKTOP",
        "order": 50,
        "size": {
          "width": 1440,
          "height": 1024
        },
        "layout": {
          "grid": 12,
          "gutter": 24,
          "margin": 24,
          "padding": 24
        },
        "theme": "tangerine",
        "notes": "Screen: Patient Profile \u2013 Tabs on desktop using Tangerine theme tokens."
      },
      {
        "id": "DESKTOP_VISIT_HISTORY",
        "name": "Visit History (desktop)",
        "type": "FRAME",
        "platform": "DESKTOP",
        "order": 51,
        "size": {
          "width": 1440,
          "height": 1024
        },
        "layout": {
          "grid": 12,
          "gutter": 24,
          "margin": 24,
          "padding": 24
        },
        "theme": "tangerine",
        "notes": "Screen: Visit History on desktop using Tangerine theme tokens."
      },
      {
        "id": "DESKTOP_TREATMENT_PLAN",
        "name": "Treatment Plan (desktop)",
        "type": "FRAME",
        "platform": "DESKTOP",
        "order": 52,
        "size": {
          "width": 1440,
          "height": 1024
        },
        "layout": {
          "grid": 12,
          "gutter": 24,
          "margin": 24,
          "padding": 24
        },
        "theme": "tangerine",
        "notes": "Screen: Treatment Plan on desktop using Tangerine theme tokens."
      },
      {
        "id": "DESKTOP_ADD_TREATMENT_TO_PLAN",
        "name": "Add Treatment to Plan (desktop)",
        "type": "FRAME",
        "platform": "DESKTOP",
        "order": 53,
        "size": {
          "width": 1440,
          "height": 1024
        },
        "layout": {
          "grid": 12,
          "gutter": 24,
          "margin": 24,
          "padding": 24
        },
        "theme": "tangerine",
        "notes": "Screen: Add Treatment to Plan on desktop using Tangerine theme tokens."
      },
      {
        "id": "DESKTOP_MULTI-VISIT_MANAGER",
        "name": "Multi-Visit Manager (desktop)",
        "type": "FRAME",
        "platform": "DESKTOP",
        "order": 54,
        "size": {
          "width": 1440,
          "height": 1024
        },
        "layout": {
          "grid": 12,
          "gutter": 24,
          "margin": 24,
          "padding": 24
        },
        "theme": "tangerine",
        "notes": "Screen: Multi-Visit Manager on desktop using Tangerine theme tokens."
      },
      {
        "id": "DESKTOP_PATIENT_NOTES",
        "name": "Patient Notes (desktop)",
        "type": "FRAME",
        "platform": "DESKTOP",
        "order": 55,
        "size": {
          "width": 1440,
          "height": 1024
        },
        "layout": {
          "grid": 12,
          "gutter": 24,
          "margin": 24,
          "padding": 24
        },
        "theme": "tangerine",
        "notes": "Screen: Patient Notes on desktop using Tangerine theme tokens."
      },
      {
        "id": "DESKTOP_APPOINTMENT_CALENDAR_\u2013_MONTH",
        "name": "Appointment Calendar \u2013 Month (desktop)",
        "type": "FRAME",
        "platform": "DESKTOP",
        "order": 56,
        "size": {
          "width": 1440,
          "height": 1024
        },
        "layout": {
          "grid": 12,
          "gutter": 24,
          "margin": 24,
          "padding": 24
        },
        "theme": "tangerine",
        "notes": "Screen: Appointment Calendar \u2013 Month on desktop using Tangerine theme tokens."
      },
      {
        "id": "DESKTOP_APPOINTMENT_CALENDAR_\u2013_DAY",
        "name": "Appointment Calendar \u2013 Day (desktop)",
        "type": "FRAME",
        "platform": "DESKTOP",
        "order": 57,
        "size": {
          "width": 1440,
          "height": 1024
        },
        "layout": {
          "grid": 12,
          "gutter": 24,
          "margin": 24,
          "padding": 24
        },
        "theme": "tangerine",
        "notes": "Screen: Appointment Calendar \u2013 Day on desktop using Tangerine theme tokens."
      },
      {
        "id": "DESKTOP_APPOINTMENT_BOOKING",
        "name": "Appointment Booking (desktop)",
        "type": "FRAME",
        "platform": "DESKTOP",
        "order": 58,
        "size": {
          "width": 1440,
          "height": 1024
        },
        "layout": {
          "grid": 12,
          "gutter": 24,
          "margin": 24,
          "padding": 24
        },
        "theme": "tangerine",
        "notes": "Screen: Appointment Booking on desktop using Tangerine theme tokens."
      },
      {
        "id": "DESKTOP_APPOINTMENT_DETAILS",
        "name": "Appointment Details (desktop)",
        "type": "FRAME",
        "platform": "DESKTOP",
        "order": 59,
        "size": {
          "width": 1440,
          "height": 1024
        },
        "layout": {
          "grid": 12,
          "gutter": 24,
          "margin": 24,
          "padding": 24
        },
        "theme": "tangerine",
        "notes": "Screen: Appointment Details on desktop using Tangerine theme tokens."
      },
      {
        "id": "DESKTOP_APPOINTMENT_RESCHEDULE",
        "name": "Appointment Reschedule (desktop)",
        "type": "FRAME",
        "platform": "DESKTOP",
        "order": 60,
        "size": {
          "width": 1440,
          "height": 1024
        },
        "layout": {
          "grid": 12,
          "gutter": 24,
          "margin": 24,
          "padding": 24
        },
        "theme": "tangerine",
        "notes": "Screen: Appointment Reschedule on desktop using Tangerine theme tokens."
      },
      {
        "id": "DESKTOP_INVOICE_LIST",
        "name": "Invoice List (desktop)",
        "type": "FRAME",
        "platform": "DESKTOP",
        "order": 61,
        "size": {
          "width": 1440,
          "height": 1024
        },
        "layout": {
          "grid": 12,
          "gutter": 24,
          "margin": 24,
          "padding": 24
        },
        "theme": "tangerine",
        "notes": "Screen: Invoice List on desktop using Tangerine theme tokens."
      },
      {
        "id": "DESKTOP_INVOICE_BUILDER",
        "name": "Invoice Builder (desktop)",
        "type": "FRAME",
        "platform": "DESKTOP",
        "order": 62,
        "size": {
          "width": 1440,
          "height": 1024
        },
        "layout": {
          "grid": 12,
          "gutter": 24,
          "margin": 24,
          "padding": 24
        },
        "theme": "tangerine",
        "notes": "Screen: Invoice Builder on desktop using Tangerine theme tokens."
      },
      {
        "id": "DESKTOP_PAYMENT_MODAL",
        "name": "Payment Modal (desktop)",
        "type": "FRAME",
        "platform": "DESKTOP",
        "order": 63,
        "size": {
          "width": 1440,
          "height": 1024
        },
        "layout": {
          "grid": 12,
          "gutter": 24,
          "margin": 24,
          "padding": 24
        },
        "theme": "tangerine",
        "notes": "Screen: Payment Modal on desktop using Tangerine theme tokens."
      },
      {
        "id": "DESKTOP_DISCOUNT_MODAL",
        "name": "Discount Modal (desktop)",
        "type": "FRAME",
        "platform": "DESKTOP",
        "order": 64,
        "size": {
          "width": 1440,
          "height": 1024
        },
        "layout": {
          "grid": 12,
          "gutter": 24,
          "margin": 24,
          "padding": 24
        },
        "theme": "tangerine",
        "notes": "Screen: Discount Modal on desktop using Tangerine theme tokens."
      },
      {
        "id": "DESKTOP_INVOICE_PDF_PREVIEW",
        "name": "Invoice PDF Preview (desktop)",
        "type": "FRAME",
        "platform": "DESKTOP",
        "order": 65,
        "size": {
          "width": 1440,
          "height": 1024
        },
        "layout": {
          "grid": 12,
          "gutter": 24,
          "margin": 24,
          "padding": 24
        },
        "theme": "tangerine",
        "notes": "Screen: Invoice PDF Preview on desktop using Tangerine theme tokens."
      },
      {
        "id": "DESKTOP_PRESCRIPTION_LIST",
        "name": "Prescription List (desktop)",
        "type": "FRAME",
        "platform": "DESKTOP",
        "order": 66,
        "size": {
          "width": 1440,
          "height": 1024
        },
        "layout": {
          "grid": 12,
          "gutter": 24,
          "margin": 24,
          "padding": 24
        },
        "theme": "tangerine",
        "notes": "Screen: Prescription List on desktop using Tangerine theme tokens."
      },
      {
        "id": "DESKTOP_CONDITION_SELECTION",
        "name": "Condition Selection (desktop)",
        "type": "FRAME",
        "platform": "DESKTOP",
        "order": 67,
        "size": {
          "width": 1440,
          "height": 1024
        },
        "layout": {
          "grid": 12,
          "gutter": 24,
          "margin": 24,
          "padding": 24
        },
        "theme": "tangerine",
        "notes": "Screen: Condition Selection on desktop using Tangerine theme tokens."
      },
      {
        "id": "DESKTOP_AUTO-PROTOCOL",
        "name": "Auto-Protocol (desktop)",
        "type": "FRAME",
        "platform": "DESKTOP",
        "order": 68,
        "size": {
          "width": 1440,
          "height": 1024
        },
        "layout": {
          "grid": 12,
          "gutter": 24,
          "margin": 24,
          "padding": 24
        },
        "theme": "tangerine",
        "notes": "Screen: Auto-Protocol on desktop using Tangerine theme tokens."
      },
      {
        "id": "DESKTOP_MANUAL_PRESCRIPTION_ENTRY",
        "name": "Manual Prescription Entry (desktop)",
        "type": "FRAME",
        "platform": "DESKTOP",
        "order": 69,
        "size": {
          "width": 1440,
          "height": 1024
        },
        "layout": {
          "grid": 12,
          "gutter": 24,
          "margin": 24,
          "padding": 24
        },
        "theme": "tangerine",
        "notes": "Screen: Manual Prescription Entry on desktop using Tangerine theme tokens."
      },
      {
        "id": "DESKTOP_PRESCRIPTION_PDF_PREVIEW",
        "name": "Prescription PDF Preview (desktop)",
        "type": "FRAME",
        "platform": "DESKTOP",
        "order": 70,
        "size": {
          "width": 1440,
          "height": 1024
        },
        "layout": {
          "grid": 12,
          "gutter": 24,
          "margin": 24,
          "padding": 24
        },
        "theme": "tangerine",
        "notes": "Screen: Prescription PDF Preview on desktop using Tangerine theme tokens."
      },
      {
        "id": "DESKTOP_REPORTS_\u2013_MONTHLY",
        "name": "Reports \u2013 Monthly (desktop)",
        "type": "FRAME",
        "platform": "DESKTOP",
        "order": 71,
        "size": {
          "width": 1440,
          "height": 1024
        },
        "layout": {
          "grid": 12,
          "gutter": 24,
          "margin": 24,
          "padding": 24
        },
        "theme": "tangerine",
        "notes": "Screen: Reports \u2013 Monthly on desktop using Tangerine theme tokens."
      },
      {
        "id": "DESKTOP_REPORTS_\u2013_YEARLY",
        "name": "Reports \u2013 Yearly (desktop)",
        "type": "FRAME",
        "platform": "DESKTOP",
        "order": 72,
        "size": {
          "width": 1440,
          "height": 1024
        },
        "layout": {
          "grid": 12,
          "gutter": 24,
          "margin": 24,
          "padding": 24
        },
        "theme": "tangerine",
        "notes": "Screen: Reports \u2013 Yearly on desktop using Tangerine theme tokens."
      },
      {
        "id": "DESKTOP_ANALYTICS_OVERVIEW",
        "name": "Analytics Overview (desktop)",
        "type": "FRAME",
        "platform": "DESKTOP",
        "order": 73,
        "size": {
          "width": 1440,
          "height": 1024
        },
        "layout": {
          "grid": 12,
          "gutter": 24,
          "margin": 24,
          "padding": 24
        },
        "theme": "tangerine",
        "notes": "Screen: Analytics Overview on desktop using Tangerine theme tokens."
      },
      {
        "id": "DESKTOP_FOLLOW-UP_QUEUE",
        "name": "Follow-up Queue (desktop)",
        "type": "FRAME",
        "platform": "DESKTOP",
        "order": 74,
        "size": {
          "width": 1440,
          "height": 1024
        },
        "layout": {
          "grid": 12,
          "gutter": 24,
          "margin": 24,
          "padding": 24
        },
        "theme": "tangerine",
        "notes": "Screen: Follow-up Queue on desktop using Tangerine theme tokens."
      },
      {
        "id": "DESKTOP_FOLLOW-UP_CREATION",
        "name": "Follow-up Creation (desktop)",
        "type": "FRAME",
        "platform": "DESKTOP",
        "order": 75,
        "size": {
          "width": 1440,
          "height": 1024
        },
        "layout": {
          "grid": 12,
          "gutter": 24,
          "margin": 24,
          "padding": 24
        },
        "theme": "tangerine",
        "notes": "Screen: Follow-up Creation on desktop using Tangerine theme tokens."
      },
      {
        "id": "DESKTOP_FOLLOW-UP_DETAILS",
        "name": "Follow-up Details (desktop)",
        "type": "FRAME",
        "platform": "DESKTOP",
        "order": 76,
        "size": {
          "width": 1440,
          "height": 1024
        },
        "layout": {
          "grid": 12,
          "gutter": 24,
          "margin": 24,
          "padding": 24
        },
        "theme": "tangerine",
        "notes": "Screen: Follow-up Details on desktop using Tangerine theme tokens."
      },
      {
        "id": "DESKTOP_SETTINGS_\u2013_TREATMENT_PRICES",
        "name": "Settings \u2013 Treatment Prices (desktop)",
        "type": "FRAME",
        "platform": "DESKTOP",
        "order": 77,
        "size": {
          "width": 1440,
          "height": 1024
        },
        "layout": {
          "grid": 12,
          "gutter": 24,
          "margin": 24,
          "padding": 24
        },
        "theme": "tangerine",
        "notes": "Screen: Settings \u2013 Treatment Prices on desktop using Tangerine theme tokens."
      },
      {
        "id": "DESKTOP_SETTINGS_\u2013_CLINIC_PROFILE",
        "name": "Settings \u2013 Clinic Profile (desktop)",
        "type": "FRAME",
        "platform": "DESKTOP",
        "order": 78,
        "size": {
          "width": 1440,
          "height": 1024
        },
        "layout": {
          "grid": 12,
          "gutter": 24,
          "margin": 24,
          "padding": 24
        },
        "theme": "tangerine",
        "notes": "Screen: Settings \u2013 Clinic Profile on desktop using Tangerine theme tokens."
      },
      {
        "id": "DESKTOP_SETTINGS_\u2013_CONSENTS_&_PROTOCOLS",
        "name": "Settings \u2013 Consents & Protocols (desktop)",
        "type": "FRAME",
        "platform": "DESKTOP",
        "order": 79,
        "size": {
          "width": 1440,
          "height": 1024
        },
        "layout": {
          "grid": 12,
          "gutter": 24,
          "margin": 24,
          "padding": 24
        },
        "theme": "tangerine",
        "notes": "Screen: Settings \u2013 Consents & Protocols on desktop using Tangerine theme tokens."
      },
      {
        "id": "DESKTOP_USER_PROFILE",
        "name": "User Profile (desktop)",
        "type": "FRAME",
        "platform": "DESKTOP",
        "order": 80,
        "size": {
          "width": 1440,
          "height": 1024
        },
        "layout": {
          "grid": 12,
          "gutter": 24,
          "margin": 24,
          "padding": 24
        },
        "theme": "tangerine",
        "notes": "Screen: User Profile on desktop using Tangerine theme tokens."
      }
    ]
  }
}