{
  "info": {
    "name": "Dental Backend \u2013 Full API Collection",
    "_postman_id": "dental-backend-collection-id",
    "description": "Postman collection for the complete dental backend (patients, treatments, plans, invoices, appointments, prescriptions, reports, PDFs, etc.).",
    "schema": "https://schema.getpostman.com/json/collection/v2.1.0/collection.json"
  },
  "item": [
    {
      "name": "Health \u2013 Basic",
      "request": {
        "method": "GET",
        "header": [],
        "url": {
          "raw": "{{baseUrl}}/health",
          "host": [
            "{{baseUrl}}"
          ],
          "path": [
            "health"
          ]
        }
      }
    },
    {
      "name": "Health \u2013 Deep",
      "request": {
        "method": "GET",
        "header": [],
        "url": {
          "raw": "{{baseUrl}}/api/health/deep",
          "host": [
            "{{baseUrl}}"
          ],
          "path": [
            "api",
            "health",
            "deep"
          ]
        }
      }
    },
    {
      "name": "Patients \u2013 List",
      "request": {
        "method": "GET",
        "url": {
          "raw": "{{baseUrl}}/api/patients",
          "host": [
            "{{baseUrl}}"
          ],
          "path": [
            "api",
            "patients"
          ]
        }
      }
    },
    {
      "name": "Patients \u2013 Create",
      "request": {
        "method": "POST",
        "header": [
          {
            "key": "Content-Type",
            "value": "application/json"
          }
        ],
        "body": {
          "mode": "raw",
          "raw": "{\n  \"name\": \"Test Patient\",\n  \"phone\": \"0300-0000000\",\n  \"age\": 30,\n  \"gender\": \"M\",\n  \"occupation\": \"Engineer\",\n  \"address\": \"Sample Address\",\n  \"medicalAlerts\": \"\",\n  \"internalNotes\": \"\"\n}"
        },
        "url": {
          "raw": "{{baseUrl}}/api/patients",
          "host": [
            "{{baseUrl}}"
          ],
          "path": [
            "api",
            "patients"
          ]
        }
      }
    },
    {
      "name": "Treatments \u2013 List",
      "request": {
        "method": "GET",
        "url": {
          "raw": "{{baseUrl}}/api/treatments",
          "host": [
            "{{baseUrl}}"
          ],
          "path": [
            "api",
            "treatments"
          ]
        }
      }
    },
    {
      "name": "Appointments \u2013 Create",
      "request": {
        "method": "POST",
        "header": [
          {
            "key": "Content-Type",
            "value": "application/json"
          }
        ],
        "body": {
          "mode": "raw",
          "raw": "{\n  \"patientId\": \"{{patientId}}\",\n  \"startTime\": \"2025-01-01T10:00:00.000Z\",\n  \"endTime\": \"2025-01-01T10:30:00.000Z\",\n  \"reason\": \"Checkup\",\n  \"status\": \"SCHEDULED\"\n}"
        },
        "url": {
          "raw": "{{baseUrl}}/api/appointments",
          "host": [
            "{{baseUrl}}"
          ],
          "path": [
            "api",
            "appointments"
          ]
        }
      }
    },
    {
      "name": "Invoices \u2013 Create",
      "request": {
        "method": "POST",
        "header": [
          {
            "key": "Content-Type",
            "value": "application/json"
          }
        ],
        "body": {
          "mode": "raw",
          "raw": "{\n  \"patientId\": \"{{patientId}}\",\n  \"date\": \"2025-01-01T10:30:00.000Z\",\n  \"items\": [\n    {\n      \"treatmentId\": \"{{treatmentId}}\",\n      \"name\": \"Composite Filling\",\n      \"tooth\": \"16\",\n      \"surfaces\": [\n        \"O\"\n      ],\n      \"quantity\": 1,\n      \"unitPricePkr\": 6000\n    }\n  ],\n  \"discountFlat\": 0,\n  \"discountPercent\": 0,\n  \"paymentMethod\": \"CASH\"\n}"
        },
        "url": {
          "raw": "{{baseUrl}}/api/invoices",
          "host": [
            "{{baseUrl}}"
          ],
          "path": [
            "api",
            "invoices"
          ]
        }
      }
    },
    {
      "name": "Prescriptions \u2013 Create",
      "request": {
        "method": "POST",
        "header": [
          {
            "key": "Content-Type",
            "value": "application/json"
          }
        ],
        "body": {
          "mode": "raw",
          "raw": "{\n  \"patientId\": \"{{patientId}}\",\n  \"conditionCode\": \"ACUTE_PAIN\",\n  \"items\": [\n    {\n      \"drugName\": \"Ibuprofen\",\n      \"dose\": \"400 mg\",\n      \"frequency\": \"TDS\",\n      \"duration\": \"3 days\",\n      \"notes\": \"After meals\"\n    }\n  ]\n}"
        },
        "url": {
          "raw": "{{baseUrl}}/api/prescriptions",
          "host": [
            "{{baseUrl}}"
          ],
          "path": [
            "api",
            "prescriptions"
          ]
        }
      }
    },
    {
      "name": "Reports \u2013 Yearly Summary",
      "request": {
        "method": "GET",
        "url": {
          "raw": "{{baseUrl}}/api/reports/year/2025",
          "host": [
            "{{baseUrl}}"
          ],
          "path": [
            "api",
            "reports",
            "year",
            "2025"
          ]
        }
      }
    },
    {
      "name": "PDF \u2013 Invoice",
      "request": {
        "method": "GET",
        "url": {
          "raw": "{{baseUrl}}/api/pdf/invoice/{{invoiceId}}",
          "host": [
            "{{baseUrl}}"
          ],
          "path": [
            "api",
            "pdf",
            "invoice",
            "{{invoiceId}}"
          ]
        }
      }
    }
  ],
  "variable": [
    {
      "key": "baseUrl",
      "value": "http://localhost:4000"
    },
    {
      "key": "patientId",
      "value": ""
    },
    {
      "key": "treatmentId",
      "value": ""
    },
    {
      "key": "invoiceId",
      "value": ""
    }
  ]
}