{
  "document": {
    "id": "ABDULLAH_DENTAL_CARE_UI",
    "name": "Clinic UI System",
    "children": [
      {
        "id": "COLORS",
        "name": "Colors",
        "fills": [
          {
            "type": "SOLID",
            "color": {
              "r": 0,
              "g": 0,
              "b": 0
            }
          }
        ]
      },
      {
        "id": "BUTTON",
        "name": "Button",
        "type": "COMPONENT",
        "props": {
          "radius": 8,
          "padding": 16
        }
      },
      {
        "id": "LOGIN_SCREEN",
        "name": "Login Screen",
        "type": "FRAME",
        "children": []
      },
      {
        "id": "DASHBOARD",
        "name": "Dashboard",
        "type": "FRAME",
        "children": []
      },
      {
        "id": "PATIENT_PROFILE",
        "name": "Patient Profile",
        "type": "FRAME",
        "children": []
      },
      {
        "id": "INVOICE_SCREEN",
        "name": "Invoice Screen",
        "type": "FRAME",
        "children": []
      }
    ]
  }
}